{
  "project_info": {
    "project_number": "546158115970",
    "project_id": "game-unity-4f7c7",
    "storage_bucket": "game-unity-4f7c7.appspot.com"
  },
  "client": [
    {
      "client_info": {
        "mobilesdk_app_id": "1:546158115970:android:19a7711fdd59db3536489b",
        "android_client_info": {
          "package_name": "com.brocode.jumpingman"
        }
      },
      "oauth_client": [
        {
          "client_id": "546158115970-22pl5shcar3qq5e5rasq3f3418b77fgi.apps.googleusercontent.com",
          "client_type": 1,
          "android_info": {
            "package_name": "com.brocode.jumpingman",
            "certificate_hash": "e457950d1001a86ada681be258f5dda94b809588"
          }
        },
        {
          "client_id": "546158115970-5o0ktivlt5k0k6lu2sc1mr58pp963055.apps.googleusercontent.com",
          "client_type": 1,
          "android_info": {
            "package_name": "com.brocode.jumpingman",
            "certificate_hash": "50faeadef9216ffd34ec645916a161f567df3545"
          }
        },
        {
          "client_id": "546158115970-9hh7smr011ebi5jrbu3u4n2tdb8af59k.apps.googleusercontent.com",
          "client_type": 3
        }
      ],
      "api_key": [
        {
          "current_key": "AIzaSyCCgu73Hl-_ZZFyBH5boKJ-wTce-05YLaI"
        }
      ],
      "services": {
        "appinvite_service": {
          "other_platform_oauth_client": [
            {
              "client_id": "546158115970-9hh7smr011ebi5jrbu3u4n2tdb8af59k.apps.googleusercontent.com",
              "client_type": 3
            },
            {
              "client_id": "546158115970-1cq7jktn77a5togsqodjgtgrkebhr959.apps.googleusercontent.com",
              "client_type": 2,
              "ios_info": {
                "bundle_id": "com.brother.rollroll"
              }
            }
          ]
        }
      },
      "admob_app_id": "ca-app-pub-4752212795312110~7752974422"
    },
    {
      "client_info": {
        "mobilesdk_app_id": "1:546158115970:android:465d6ed3682d168336489b",
        "android_client_info": {
          "package_name": "com.brother.rollroll"
        }
      },
      "oauth_client": [
        {
          "client_id": "546158115970-s87lm5r5k1vtll1bkagomsdvn6sq28de.apps.googleusercontent.com",
          "client_type": 1,
          "android_info": {
            "package_name": "com.brother.rollroll",
            "certificate_hash": "23148c6168743545caa071f1a985b69ad2c96f2b"
          }
        },
        {
          "client_id": "546158115970-9hh7smr011ebi5jrbu3u4n2tdb8af59k.apps.googleusercontent.com",
          "client_type": 3
        }
      ],
      "api_key": [
        {
          "current_key": "AIzaSyCCgu73Hl-_ZZFyBH5boKJ-wTce-05YLaI"
        }
      ],
      "services": {
        "appinvite_service": {
          "other_platform_oauth_client": [
            {
              "client_id": "546158115970-9hh7smr011ebi5jrbu3u4n2tdb8af59k.apps.googleusercontent.com",
              "client_type": 3
            },
            {
              "client_id": "546158115970-1cq7jktn77a5togsqodjgtgrkebhr959.apps.googleusercontent.com",
              "client_type": 2,
              "ios_info": {
                "bundle_id": "com.brother.rollroll"
              }
            }
          ]
        }
      }
    }
  ],
  "configuration_version": "1"
}